State,City,Number of Showrooms,Dealer URL
Andhra Pradesh,Amalapuram,1,https://www.bikewale.com/dealer-showrooms/ola/amalapuram/
Andhra Pradesh,Anakapalle,6,https://www.bikewale.com/dealer-showrooms/ola/anakapalle/
Andhra Pradesh,Anantapur,1,https://www.bikewale.com/dealer-showrooms/ola/anantapur/
Andhra Pradesh,Bapatla,1,https://www.bikewale.com/dealer-showrooms/ola/bapatla/
Andhra Pradesh,Chittoor,5,https://www.bikewale.com/dealer-showrooms/ola/chittoor/
Andhra Pradesh,East Godavari,6,https://www.bikewale.com/dealer-showrooms/ola/eastgodavari/
Andhra Pradesh,Eluru,7,https://www.bikewale.com/dealer-showrooms/ola/eluru/
Andhra Pradesh,Giddalur,1,https://www.bikewale.com/dealer-showrooms/ola/giddalur/
Andhra Pradesh,Gooty,1,https://www.bikewale.com/dealer-showrooms/ola/gooty/
Andhra Pradesh,Gudivada,1,https://www.bikewale.com/dealer-showrooms/ola/gudivada/
Andhra Pradesh,Guntur,6,https://www.bikewale.com/dealer-showrooms/ola/guntur/
Andhra Pradesh,Jaggampeta,1,https://www.bikewale.com/dealer-showrooms/ola/jaggampeta/
Andhra Pradesh,Jaggayyapeta,1,https://www.bikewale.com/dealer-showrooms/ola/jaggayyapeta/
Andhra Pradesh,Kakinada,3,https://www.bikewale.com/dealer-showrooms/ola/kakinada/
Andhra Pradesh,Kandukur,1,https://www.bikewale.com/dealer-showrooms/ola/kandukur/
Andhra Pradesh,Kanigiri,1,https://www.bikewale.com/dealer-showrooms/ola/kanigiri/
Andhra Pradesh,Krishna,3,https://www.bikewale.com/dealer-showrooms/ola/krishna/
Andhra Pradesh,Kurnool,5,https://www.bikewale.com/dealer-showrooms/ola/kurnool/
Andhra Pradesh,Mandapeta,1,https://www.bikewale.com/dealer-showrooms/ola/mandapeta/
Andhra Pradesh,Mummidivaram,1,https://www.bikewale.com/dealer-showrooms/ola/mummidivaram/
Andhra Pradesh,Nandyal,5,https://www.bikewale.com/dealer-showrooms/ola/nandyal/
Andhra Pradesh,Nellore,2,https://www.bikewale.com/dealer-showrooms/ola/nellore/
Andhra Pradesh,Nidadavole,1,https://www.bikewale.com/dealer-showrooms/ola/nidadavole/
Andhra Pradesh,Pithapuram,1,https://www.bikewale.com/dealer-showrooms/ola/pithapuram/
Andhra Pradesh,Ponnur,1,https://www.bikewale.com/dealer-showrooms/ola/ponnur/
Andhra Pradesh,Prakasam,4,https://www.bikewale.com/dealer-showrooms/ola/prakasam/
Andhra Pradesh,Rajahumundry,1,https://www.bikewale.com/dealer-showrooms/ola/rajahumundry/
Andhra Pradesh,Ravulapalem,1,https://www.bikewale.com/dealer-showrooms/ola/ravulapalem/
Andhra Pradesh,Repalle,1,https://www.bikewale.com/dealer-showrooms/ola/repalle/
Andhra Pradesh,Samalkot,1,https://www.bikewale.com/dealer-showrooms/ola/samalkot/
Andhra Pradesh,Srikakulam,6,https://www.bikewale.com/dealer-showrooms/ola/srikakulam/
Andhra Pradesh,Tadpatri,1,https://www.bikewale.com/dealer-showrooms/ola/tadpatri/
Andhra Pradesh,Tenali,1,https://www.bikewale.com/dealer-showrooms/ola/tenali/
Andhra Pradesh,Tirupati,4,https://www.bikewale.com/dealer-showrooms/ola/tirupati/
Andhra Pradesh,Tiruvuru,1,https://www.bikewale.com/dealer-showrooms/ola/tiruvuru/
Andhra Pradesh,Tuni,1,https://www.bikewale.com/dealer-showrooms/ola/tuni/
Andhra Pradesh,Vijaywada,2,https://www.bikewale.com/dealer-showrooms/ola/vijaywada/
Andhra Pradesh,Visakhapatnam,7,https://www.bikewale.com/dealer-showrooms/ola/visakhapatnam/
Andhra Pradesh,Vizianagaram,5,https://www.bikewale.com/dealer-showrooms/ola/vizianagaram/
Andhra Pradesh,West Godavari,8,https://www.bikewale.com/dealer-showrooms/ola/westgodavari/
Assam,Bishwanath Charali,1,https://www.bikewale.com/dealer-showrooms/ola/bishwanathcharali/
Assam,Cachar,3,https://www.bikewale.com/dealer-showrooms/ola/cachar/
Assam,Darrang,1,https://www.bikewale.com/dealer-showrooms/ola/darrang/
Assam,Dhubri,1,https://www.bikewale.com/dealer-showrooms/ola/dhubri/
Assam,Dibrugarh,6,https://www.bikewale.com/dealer-showrooms/ola/dibrugarh/
Assam,Goalpara,1,https://www.bikewale.com/dealer-showrooms/ola/goalpara/
Assam,Guwahati,2,https://www.bikewale.com/dealer-showrooms/ola/guwahati/
Assam,Hojai,1,https://www.bikewale.com/dealer-showrooms/ola/hojai/
Assam,Jorhat,2,https://www.bikewale.com/dealer-showrooms/ola/jorhat/
Assam,Kamrup,1,https://www.bikewale.com/dealer-showrooms/ola/kamrup/
Assam,Nagaon,6,https://www.bikewale.com/dealer-showrooms/ola/nagaon/
Assam,Nalbari,2,https://www.bikewale.com/dealer-showrooms/ola/nalbari/
Assam,North Lakhimpur,1,https://www.bikewale.com/dealer-showrooms/ola/northlakhimpur/
Assam,Silchar,1,https://www.bikewale.com/dealer-showrooms/ola/silchar/
Assam,Sivasagar,1,https://www.bikewale.com/dealer-showrooms/ola/sivasagar/
Assam,Sonitpur,2,https://www.bikewale.com/dealer-showrooms/ola/sonitpur/
Assam,Tinsukia,2,https://www.bikewale.com/dealer-showrooms/ola/tinsukia/
Bihar,Araria,2,https://www.bikewale.com/dealer-showrooms/ola/araria/
Bihar,Arwal,1,https://www.bikewale.com/dealer-showrooms/ola/arwal/
Bihar,Aurangabad (Bihar),6,https://www.bikewale.com/dealer-showrooms/ola/aurangabad-bihar/
Bihar,Banka,5,https://www.bikewale.com/dealer-showrooms/ola/banka/
Bihar,Begusarai,5,https://www.bikewale.com/dealer-showrooms/ola/begusarai/
Bihar,Bhagalpur,4,https://www.bikewale.com/dealer-showrooms/ola/bhagalpur/
Bihar,Bhojpur,4,https://www.bikewale.com/dealer-showrooms/ola/bhojpur/
Bihar,Buxar,4,https://www.bikewale.com/dealer-showrooms/ola/buxar/
Bihar,Darbhanga,7,https://www.bikewale.com/dealer-showrooms/ola/darbhanga/
Bihar,East Champaran,12,https://www.bikewale.com/dealer-showrooms/ola/eastchamparan/
Bihar,Gaya,8,https://www.bikewale.com/dealer-showrooms/ola/gaya/
Bihar,Gopalganj,4,https://www.bikewale.com/dealer-showrooms/ola/gopalganj/
Bihar,Jamui,3,https://www.bikewale.com/dealer-showrooms/ola/jamui/
Bihar,Jehanabad,2,https://www.bikewale.com/dealer-showrooms/ola/jehanabad/
Bihar,Kaimur (Bhabua),6,https://www.bikewale.com/dealer-showrooms/ola/kaimurbhabua/
Bihar,Katihar,2,https://www.bikewale.com/dealer-showrooms/ola/katihar/
Bihar,Khagaria,2,https://www.bikewale.com/dealer-showrooms/ola/khagaria/
Bihar,Kishanganj,4,https://www.bikewale.com/dealer-showrooms/ola/kishanganj/
Bihar,Lakhisarai,3,https://www.bikewale.com/dealer-showrooms/ola/lakhisarai/
Bihar,Madhepura,5,https://www.bikewale.com/dealer-showrooms/ola/madhepura/
Bihar,Madhubani,12,https://www.bikewale.com/dealer-showrooms/ola/madhubani/
Bihar,Munger,1,https://www.bikewale.com/dealer-showrooms/ola/munger/
Bihar,Muzaffurpur,11,https://www.bikewale.com/dealer-showrooms/ola/muzaffurpur/
Bihar,Nalanda,3,https://www.bikewale.com/dealer-showrooms/ola/nalanda/
Bihar,Nawada,3,https://www.bikewale.com/dealer-showrooms/ola/nawada/
Bihar,Pashchim Champaran,11,https://www.bikewale.com/dealer-showrooms/ola/pashchimchamparan/
Bihar,Patna,17,https://www.bikewale.com/dealer-showrooms/ola/patna/
Bihar,Purnea,4,https://www.bikewale.com/dealer-showrooms/ola/purnea/
Bihar,Rohtas,9,https://www.bikewale.com/dealer-showrooms/ola/rohtas/
Bihar,Saharsa,2,https://www.bikewale.com/dealer-showrooms/ola/saharsa/
Bihar,Samastipur,11,https://www.bikewale.com/dealer-showrooms/ola/samastipur/
Bihar,Saran,9,https://www.bikewale.com/dealer-showrooms/ola/saran/
Bihar,Sheikhpura,1,https://www.bikewale.com/dealer-showrooms/ola/sheikhpura/
Bihar,Sheohar,2,https://www.bikewale.com/dealer-showrooms/ola/sheohar/
Bihar,Sitamarhi,7,https://www.bikewale.com/dealer-showrooms/ola/sitamarhi/
Bihar,Siwan,7,https://www.bikewale.com/dealer-showrooms/ola/siwan/
Bihar,Supaul,5,https://www.bikewale.com/dealer-showrooms/ola/supaul/
Bihar,Vaishali,8,https://www.bikewale.com/dealer-showrooms/ola/vaishali/
Chandigarh,Chandigarh,2,https://www.bikewale.com/dealer-showrooms/ola/chandigarh/
Chhattisgarh,Bilaspur,3,https://www.bikewale.com/dealer-showrooms/ola/bilaspur-chhattisgarh/
Chhattisgarh,Durg,4,https://www.bikewale.com/dealer-showrooms/ola/durg/
Chhattisgarh,Raipur,1,https://www.bikewale.com/dealer-showrooms/ola/raipur/
Delhi,Delhi,12,https://www.bikewale.com/dealer-showrooms/ola/delhi/
Goa,Margao,1,https://www.bikewale.com/dealer-showrooms/ola/margao/
Goa,North Goa,2,https://www.bikewale.com/dealer-showrooms/ola/northgoa/
Goa,South Goa,3,https://www.bikewale.com/dealer-showrooms/ola/southgoa/
Gujarat,Ahmedabad,16,https://www.bikewale.com/dealer-showrooms/ola/ahmedabad/
Gujarat,Amreli,4,https://www.bikewale.com/dealer-showrooms/ola/amreli/
Gujarat,Anand,7,https://www.bikewale.com/dealer-showrooms/ola/anand/
Gujarat,Aravalli,2,https://www.bikewale.com/dealer-showrooms/ola/aravalli/
Gujarat,Banaskantha,10,https://www.bikewale.com/dealer-showrooms/ola/banaskantha/
Gujarat,Bharuch,2,https://www.bikewale.com/dealer-showrooms/ola/bharuch/
Gujarat,Bhavnagar,9,https://www.bikewale.com/dealer-showrooms/ola/bhavnagar/
Gujarat,Botad,2,https://www.bikewale.com/dealer-showrooms/ola/botad/
Gujarat,Chota Udaipur,5,https://www.bikewale.com/dealer-showrooms/ola/chotaudaipur/
Gujarat,Dahod,3,https://www.bikewale.com/dealer-showrooms/ola/dahod/
Gujarat,Devbhumi Dwarka,2,https://www.bikewale.com/dealer-showrooms/ola/devbhumidwarka/
Gujarat,Gandhinagar,5,https://www.bikewale.com/dealer-showrooms/ola/gandhinagar/
Gujarat,Gir Somnath,3,https://www.bikewale.com/dealer-showrooms/ola/gir-somnath/
Gujarat,Jamnagar,5,https://www.bikewale.com/dealer-showrooms/ola/jamnagar/
Gujarat,Junagadh,8,https://www.bikewale.com/dealer-showrooms/ola/junagadh/
Gujarat,Kheda,6,https://www.bikewale.com/dealer-showrooms/ola/kheda/
Gujarat,Kutch,9,https://www.bikewale.com/dealer-showrooms/ola/kutch/
Gujarat,Mahisagar,3,https://www.bikewale.com/dealer-showrooms/ola/mahisagar/
Gujarat,Mehsana,6,https://www.bikewale.com/dealer-showrooms/ola/mehsana/
Gujarat,Morbi,2,https://www.bikewale.com/dealer-showrooms/ola/morbi/
Gujarat,Narmada,1,https://www.bikewale.com/dealer-showrooms/ola/narmada/
Gujarat,Navsari,4,https://www.bikewale.com/dealer-showrooms/ola/navsari/
Gujarat,Panchmahal,2,https://www.bikewale.com/dealer-showrooms/ola/panchmahal/
Gujarat,Patan,3,https://www.bikewale.com/dealer-showrooms/ola/patan/
Gujarat,Porbandar,1,https://www.bikewale.com/dealer-showrooms/ola/porbandar/
Gujarat,Rajkot,12,https://www.bikewale.com/dealer-showrooms/ola/rajkot/
Gujarat,Sabarkantha,3,https://www.bikewale.com/dealer-showrooms/ola/sabarkantha/
Gujarat,Surat,11,https://www.bikewale.com/dealer-showrooms/ola/surat/
Gujarat,Surendranagar,8,https://www.bikewale.com/dealer-showrooms/ola/surendranagar/
Gujarat,Tapi,3,https://www.bikewale.com/dealer-showrooms/ola/tapi/
Gujarat,Vadodara,9,https://www.bikewale.com/dealer-showrooms/ola/vadodara/
Gujarat,Valsad,3,https://www.bikewale.com/dealer-showrooms/ola/valsad/
Gujarat,Veraval,1,https://www.bikewale.com/dealer-showrooms/ola/veraval/
Haryana,Ambala City,4,https://www.bikewale.com/dealer-showrooms/ola/ambalacity/
Haryana,Ballabhgarh,1,https://www.bikewale.com/dealer-showrooms/ola/ballabgarh/
Haryana,Bhiwani,5,https://www.bikewale.com/dealer-showrooms/ola/bhiwani/
Haryana,Charkhi Dadri,2,https://www.bikewale.com/dealer-showrooms/ola/charkhidadri/
Haryana,Faridabad,1,https://www.bikewale.com/dealer-showrooms/ola/faridabad/
Haryana,Fatehabad,3,https://www.bikewale.com/dealer-showrooms/ola/fatehabad/
Haryana,Gurgaon,1,https://www.bikewale.com/dealer-showrooms/ola/gurgaon/
Haryana,Hisar,2,https://www.bikewale.com/dealer-showrooms/ola/hisar/
Haryana,Jhajjar,1,https://www.bikewale.com/dealer-showrooms/ola/jhajjar/
Haryana,Jind,4,https://www.bikewale.com/dealer-showrooms/ola/jind/
Haryana,Kaithal,3,https://www.bikewale.com/dealer-showrooms/ola/kaithal/
Haryana,Karnal,6,https://www.bikewale.com/dealer-showrooms/ola/karnal/
Haryana,Kurukshetra,2,https://www.bikewale.com/dealer-showrooms/ola/kurukshetra/
Haryana,Manesar,1,https://www.bikewale.com/dealer-showrooms/ola/manesar/
Haryana,Nuh,2,https://www.bikewale.com/dealer-showrooms/ola/nuh/
Haryana,Palwal,2,https://www.bikewale.com/dealer-showrooms/ola/palwal/
Haryana,Panchkula,2,https://www.bikewale.com/dealer-showrooms/ola/panchkula/
Haryana,Panipat,3,https://www.bikewale.com/dealer-showrooms/ola/panipat/
Haryana,Pataudi,1,https://www.bikewale.com/dealer-showrooms/ola/pataudi/
Haryana,Rewari,3,https://www.bikewale.com/dealer-showrooms/ola/rewari/
Haryana,Rohtak,4,https://www.bikewale.com/dealer-showrooms/ola/rohtak/
Haryana,Sirsa,5,https://www.bikewale.com/dealer-showrooms/ola/sirsa/
Haryana,Sohna,1,https://www.bikewale.com/dealer-showrooms/ola/sohna/
Haryana,Sonipat,2,https://www.bikewale.com/dealer-showrooms/ola/sonipat/
Haryana,Yamunanagar,2,https://www.bikewale.com/dealer-showrooms/ola/yamunanagar/
Himachal Pradesh,Bilaspur (HP),1,https://www.bikewale.com/dealer-showrooms/ola/bilaspur-himachalpradesh/
Himachal Pradesh,Kangra,4,https://www.bikewale.com/dealer-showrooms/ola/kangra/
Himachal Pradesh,Shimla,1,https://www.bikewale.com/dealer-showrooms/ola/shimla/
Jammu & Kashmir,Anantnag,2,https://www.bikewale.com/dealer-showrooms/ola/anantnag/
Jammu & Kashmir,Baramulla,1,https://www.bikewale.com/dealer-showrooms/ola/baramulla/
Jammu & Kashmir,Jammu,6,https://www.bikewale.com/dealer-showrooms/ola/jammu/
Jammu & Kashmir,Kathua,1,https://www.bikewale.com/dealer-showrooms/ola/kathua/
Jammu & Kashmir,Kupwara,1,https://www.bikewale.com/dealer-showrooms/ola/kupwara/
Jammu & Kashmir,Reasi,1,https://www.bikewale.com/dealer-showrooms/ola/reasi/
Jammu & Kashmir,Samba,1,https://www.bikewale.com/dealer-showrooms/ola/samba/
Jammu & Kashmir,Srinagar,1,https://www.bikewale.com/dealer-showrooms/ola/srinagar/
Jammu & Kashmir,Udhampur,1,https://www.bikewale.com/dealer-showrooms/ola/udhampur/
Jharkhand,Bokaro Steel City,4,https://www.bikewale.com/dealer-showrooms/ola/bokarosteelcity/
Jharkhand,Chatra,2,https://www.bikewale.com/dealer-showrooms/ola/chatra/
Jharkhand,Deoghar,5,https://www.bikewale.com/dealer-showrooms/ola/deoghar/
Jharkhand,Dhanbad,7,https://www.bikewale.com/dealer-showrooms/ola/dhanbad/
Jharkhand,Dumka,5,https://www.bikewale.com/dealer-showrooms/ola/dumka/
Jharkhand,East Singhbhum,5,https://www.bikewale.com/dealer-showrooms/ola/eastsinghbhum/
Jharkhand,Garhwa,6,https://www.bikewale.com/dealer-showrooms/ola/garhwa/
Jharkhand,Giridih,10,https://www.bikewale.com/dealer-showrooms/ola/giridih/
Jharkhand,Godda,1,https://www.bikewale.com/dealer-showrooms/ola/godda/
Jharkhand,Gumla,1,https://www.bikewale.com/dealer-showrooms/ola/gumla/
Jharkhand,Hazaribagh,4,https://www.bikewale.com/dealer-showrooms/ola/hazaribagh/
Jharkhand,Jamshedpur,2,https://www.bikewale.com/dealer-showrooms/ola/jamshedpur/
Jharkhand,Jamtara,2,https://www.bikewale.com/dealer-showrooms/ola/jamtara/
Jharkhand,Kodarma,1,https://www.bikewale.com/dealer-showrooms/ola/kodarma/
Jharkhand,Latehar,2,https://www.bikewale.com/dealer-showrooms/ola/latehar/
Jharkhand,Lohardaga,2,https://www.bikewale.com/dealer-showrooms/ola/lohardaga/
Jharkhand,Pakur,2,https://www.bikewale.com/dealer-showrooms/ola/pakur/
Jharkhand,Palamu,8,https://www.bikewale.com/dealer-showrooms/ola/palamu/
Jharkhand,Ramgarh,4,https://www.bikewale.com/dealer-showrooms/ola/ramgarh/
Jharkhand,Ranchi,12,https://www.bikewale.com/dealer-showrooms/ola/ranchi/
Jharkhand,Sahibganj,3,https://www.bikewale.com/dealer-showrooms/ola/sahibganj/
Jharkhand,Seraikela-kharsawan,5,https://www.bikewale.com/dealer-showrooms/ola/seraikelakharsawan/
Jharkhand,West Singhbhum,4,https://www.bikewale.com/dealer-showrooms/ola/westsinghbhum/
Karnataka,Bagalkot,8,https://www.bikewale.com/dealer-showrooms/ola/bagalkot/
Karnataka,Bangalore,28,https://www.bikewale.com/dealer-showrooms/ola/bangalore/
Karnataka,Belgaum,9,https://www.bikewale.com/dealer-showrooms/ola/belgaum/
Karnataka,Bellary,2,https://www.bikewale.com/dealer-showrooms/ola/bellary/
Karnataka,Bidar,4,https://www.bikewale.com/dealer-showrooms/ola/bidar/
Karnataka,Bijapur,8,https://www.bikewale.com/dealer-showrooms/ola/bijapur/
Karnataka,Chamrajnagar,3,https://www.bikewale.com/dealer-showrooms/ola/chamrajnagar/
Karnataka,Chikamagalur,4,https://www.bikewale.com/dealer-showrooms/ola/chikamagalur/
Karnataka,Chikkaballapur,4,https://www.bikewale.com/dealer-showrooms/ola/chikkaballapur/
Karnataka,Chitradurga,5,https://www.bikewale.com/dealer-showrooms/ola/chitradurga/
Karnataka,Dak. Kannada,2,https://www.bikewale.com/dealer-showrooms/ola/dakkannada/
Karnataka,Davanagere,7,https://www.bikewale.com/dealer-showrooms/ola/davangere/
Karnataka,Dharwad,6,https://www.bikewale.com/dealer-showrooms/ola/dharwad/
Karnataka,Gadag,5,https://www.bikewale.com/dealer-showrooms/ola/gadag/
Karnataka,Gulbarga,11,https://www.bikewale.com/dealer-showrooms/ola/gulbarga/
Karnataka,Hassan,9,https://www.bikewale.com/dealer-showrooms/ola/hassan/
Karnataka,Haveri,4,https://www.bikewale.com/dealer-showrooms/ola/haveri/
Karnataka,Hubli,1,https://www.bikewale.com/dealer-showrooms/ola/hubli/
Karnataka,Kodagu,2,https://www.bikewale.com/dealer-showrooms/ola/kodagu/
Karnataka,Kolar,5,https://www.bikewale.com/dealer-showrooms/ola/kolar/
Karnataka,Koppal,3,https://www.bikewale.com/dealer-showrooms/ola/koppal/
Karnataka,Mandya,5,https://www.bikewale.com/dealer-showrooms/ola/mandya/
Karnataka,Mangalore,5,https://www.bikewale.com/dealer-showrooms/ola/mangalore/
Karnataka,Mysore,10,https://www.bikewale.com/dealer-showrooms/ola/mysore/
Karnataka,Raichur,4,https://www.bikewale.com/dealer-showrooms/ola/raichur/
Karnataka,Ramanagara,2,https://www.bikewale.com/dealer-showrooms/ola/ramanagara/
Karnataka,Shimoga,6,https://www.bikewale.com/dealer-showrooms/ola/shimoga/
Karnataka,Tumkur,8,https://www.bikewale.com/dealer-showrooms/ola/tumkur/
Karnataka,Udupi,4,https://www.bikewale.com/dealer-showrooms/ola/udupi/
Karnataka,Uttar Kannada,7,https://www.bikewale.com/dealer-showrooms/ola/uttarkannada/
Karnataka,Yadgir,4,https://www.bikewale.com/dealer-showrooms/ola/yadagir/
Kerala,Alappuzha,7,https://www.bikewale.com/dealer-showrooms/ola/alappuzha/
Kerala,Angamaly,1,https://www.bikewale.com/dealer-showrooms/ola/angamaly/
Kerala,Changanassery,1,https://www.bikewale.com/dealer-showrooms/ola/changanassery/
Kerala,Edappally,1,https://www.bikewale.com/dealer-showrooms/ola/edappally/
Kerala,Ernakulam,4,https://www.bikewale.com/dealer-showrooms/ola/ernakulam/
Kerala,Idukki,3,https://www.bikewale.com/dealer-showrooms/ola/idukki/
Kerala,Kannur,4,https://www.bikewale.com/dealer-showrooms/ola/kannur/
Kerala,Kasaragod,4,https://www.bikewale.com/dealer-showrooms/ola/kasaragod/
Kerala,Kollam,7,https://www.bikewale.com/dealer-showrooms/ola/kollam/
Kerala,Kottayam,4,https://www.bikewale.com/dealer-showrooms/ola/kottayam/
Kerala,Kozhikode,10,https://www.bikewale.com/dealer-showrooms/ola/kozhikode/
Kerala,Malappuram,10,https://www.bikewale.com/dealer-showrooms/ola/malappuram/
Kerala,Muvattupuzha,1,https://www.bikewale.com/dealer-showrooms/ola/muvattupuzha/
Kerala,Palakkad,7,https://www.bikewale.com/dealer-showrooms/ola/palakkad/
Kerala,Pathanamthitta,5,https://www.bikewale.com/dealer-showrooms/ola/pathanamthitta/
Kerala,Thiruvananthapuram,8,https://www.bikewale.com/dealer-showrooms/ola/thiruvananthapuram/
Kerala,Thrissur,9,https://www.bikewale.com/dealer-showrooms/ola/thrissur/
Kerala,Tirur,1,https://www.bikewale.com/dealer-showrooms/ola/tirur/
Kerala,Wayanad,2,https://www.bikewale.com/dealer-showrooms/ola/wayanad/
Madhya Pradesh,Bhopal,1,https://www.bikewale.com/dealer-showrooms/ola/bhopal/
Madhya Pradesh,Dewas,1,https://www.bikewale.com/dealer-showrooms/ola/dewas/
Madhya Pradesh,Gwalior,1,https://www.bikewale.com/dealer-showrooms/ola/gwalior/
Madhya Pradesh,Hoshangabad,1,https://www.bikewale.com/dealer-showrooms/ola/hoshangabad/
Madhya Pradesh,Indore,2,https://www.bikewale.com/dealer-showrooms/ola/indore/
Madhya Pradesh,Jabalpur,1,https://www.bikewale.com/dealer-showrooms/ola/jabalpur/
Madhya Pradesh,Katni,1,https://www.bikewale.com/dealer-showrooms/ola/katni/
Madhya Pradesh,Sidhi,1,https://www.bikewale.com/dealer-showrooms/ola/sidhi/
Madhya Pradesh,Tikamgarh,1,https://www.bikewale.com/dealer-showrooms/ola/tikamgarh/
Madhya Pradesh,Ujjain,2,https://www.bikewale.com/dealer-showrooms/ola/ujjain/
Madhya Pradesh,Vidisha,1,https://www.bikewale.com/dealer-showrooms/ola/vidisha/
Maharashtra,Ahmednagar,11,https://www.bikewale.com/dealer-showrooms/ola/ahmednagar/
Maharashtra,Akola,6,https://www.bikewale.com/dealer-showrooms/ola/akola/
Maharashtra,Alibag,1,https://www.bikewale.com/dealer-showrooms/ola/alibag/
Maharashtra,Amravati,13,https://www.bikewale.com/dealer-showrooms/ola/amravati/
Maharashtra,Aurangabad,8,https://www.bikewale.com/dealer-showrooms/ola/aurangabad-maharashtra/
Maharashtra,Beed,6,https://www.bikewale.com/dealer-showrooms/ola/beed/
Maharashtra,Bhandara,4,https://www.bikewale.com/dealer-showrooms/ola/bhandara/
Maharashtra,Buldhana,8,https://www.bikewale.com/dealer-showrooms/ola/buldhana/
Maharashtra,Chandrapur,11,https://www.bikewale.com/dealer-showrooms/ola/chandrapur/
Maharashtra,Dhule,2,https://www.bikewale.com/dealer-showrooms/ola/dhule/
Maharashtra,Gadchiroli,5,https://www.bikewale.com/dealer-showrooms/ola/gadchiroli/
Maharashtra,Gondia,6,https://www.bikewale.com/dealer-showrooms/ola/gondia/
Maharashtra,Hingoli,4,https://www.bikewale.com/dealer-showrooms/ola/hingoli/
Maharashtra,Jalgaon,9,https://www.bikewale.com/dealer-showrooms/ola/jalgaon/
Maharashtra,Jalna,4,https://www.bikewale.com/dealer-showrooms/ola/jalna/
Maharashtra,Kalyan,2,https://www.bikewale.com/dealer-showrooms/ola/kalyan/
Maharashtra,Kolhapur,7,https://www.bikewale.com/dealer-showrooms/ola/kolhapur/
Maharashtra,Latur,5,https://www.bikewale.com/dealer-showrooms/ola/latur/
Maharashtra,Mumbai,2,https://www.bikewale.com/dealer-showrooms/ola/mumbai/
Maharashtra,Nagpur,13,https://www.bikewale.com/dealer-showrooms/ola/nagpur/
Maharashtra,Nanded,12,https://www.bikewale.com/dealer-showrooms/ola/nanded/
Maharashtra,Nandurbar,3,https://www.bikewale.com/dealer-showrooms/ola/nandurbar/
Maharashtra,Nashik,15,https://www.bikewale.com/dealer-showrooms/ola/nashik/
Maharashtra,Navi Mumbai,1,https://www.bikewale.com/dealer-showrooms/ola/navi-mumbai/
Maharashtra,Osmanabad,6,https://www.bikewale.com/dealer-showrooms/ola/osmanabad/
Maharashtra,Pune,6,https://www.bikewale.com/dealer-showrooms/ola/pune/
Maharashtra,Sangli,1,https://www.bikewale.com/dealer-showrooms/ola/sangli/
Maharashtra,Thane,2,https://www.bikewale.com/dealer-showrooms/ola/thane/
Orissa,Angul,7,https://www.bikewale.com/dealer-showrooms/ola/angul/
Orissa,Balangir,7,https://www.bikewale.com/dealer-showrooms/ola/balangir/
Orissa,Balasore,8,https://www.bikewale.com/dealer-showrooms/ola/balasore/
Orissa,Bargarh,8,https://www.bikewale.com/dealer-showrooms/ola/bargarh/
Orissa,Bhadrak,6,https://www.bikewale.com/dealer-showrooms/ola/bhadrak/
Orissa,Bhubaneswar,4,https://www.bikewale.com/dealer-showrooms/ola/bhubaneswar/
Orissa,Boudh,1,https://www.bikewale.com/dealer-showrooms/ola/boudh/
Orissa,Cuttack,13,https://www.bikewale.com/dealer-showrooms/ola/cuttack/
Orissa,Dhenkanal,6,https://www.bikewale.com/dealer-showrooms/ola/dhenkanal/
Orissa,Ganjam,10,https://www.bikewale.com/dealer-showrooms/ola/ganjam/
Orissa,Jagatsinghpur,6,https://www.bikewale.com/dealer-showrooms/ola/jagatsinghpur/
Orissa,Jajpur (Orissa),11,https://www.bikewale.com/dealer-showrooms/ola/jajpurorissa/
Orissa,Jharsuguda,3,https://www.bikewale.com/dealer-showrooms/ola/jharsuguda/
Orissa,Kalahandi,2,https://www.bikewale.com/dealer-showrooms/ola/kalahandi/
Orissa,Kandhamal,1,https://www.bikewale.com/dealer-showrooms/ola/kandhamal/
Orissa,Kendrapara,5,https://www.bikewale.com/dealer-showrooms/ola/kendrapara/
Orissa,Keonjhar,7,https://www.bikewale.com/dealer-showrooms/ola/keonjhar/
Orissa,Khordha,6,https://www.bikewale.com/dealer-showrooms/ola/khordha/
Orissa,Koraput,4,https://www.bikewale.com/dealer-showrooms/ola/koraput/
Orissa,Malkangiri,2,https://www.bikewale.com/dealer-showrooms/ola/malkangiri/
Orissa,Mayurbhanj,8,https://www.bikewale.com/dealer-showrooms/ola/mayurbhanj/
Orissa,Nabarangapur,2,https://www.bikewale.com/dealer-showrooms/ola/nabarangapur/
Orissa,Nayagarh,3,https://www.bikewale.com/dealer-showrooms/ola/nayagarh/
Orissa,Puri,10,https://www.bikewale.com/dealer-showrooms/ola/puri/
Orissa,Raygada,3,https://www.bikewale.com/dealer-showrooms/ola/raygada/
Orissa,Rourkela,2,https://www.bikewale.com/dealer-showrooms/ola/rourkela/
Orissa,Sambalpur,3,https://www.bikewale.com/dealer-showrooms/ola/sambalpur/
Orissa,Sonepur,2,https://www.bikewale.com/dealer-showrooms/ola/sonepur-orissa/
Orissa,Sundargarh,3,https://www.bikewale.com/dealer-showrooms/ola/sundargarh/
Pondicherry,Pondicherry,1,https://www.bikewale.com/dealer-showrooms/ola/pondicherry/
Punjab,Amritsar,4,https://www.bikewale.com/dealer-showrooms/ola/amritsar/
Punjab,Barnala,1,https://www.bikewale.com/dealer-showrooms/ola/barnala/
Punjab,Bathinda,3,https://www.bikewale.com/dealer-showrooms/ola/bathinda/
Punjab,Dera Bassi,1,https://www.bikewale.com/dealer-showrooms/ola/derrabassi/
Punjab,Faridkot,1,https://www.bikewale.com/dealer-showrooms/ola/faridkot/
Punjab,Fatehgarh Sahib,2,https://www.bikewale.com/dealer-showrooms/ola/fatehgarhsahib/
Punjab,Fazilka,3,https://www.bikewale.com/dealer-showrooms/ola/fazilka/
Punjab,Gidderbaha,1,https://www.bikewale.com/dealer-showrooms/ola/gidderbaha/
Punjab,Gurdaspur,1,https://www.bikewale.com/dealer-showrooms/ola/gurdaspur/
Punjab,Hoshiarpur,2,https://www.bikewale.com/dealer-showrooms/ola/hoshiarpur/
Punjab,Jalandhar,4,https://www.bikewale.com/dealer-showrooms/ola/jalandhar/
Punjab,Kapurthala,3,https://www.bikewale.com/dealer-showrooms/ola/kapurthala/
Punjab,Ludhiana,10,https://www.bikewale.com/dealer-showrooms/ola/ludhiana/
Punjab,Maler Kotla,1,https://www.bikewale.com/dealer-showrooms/ola/malerkotla/
Punjab,Malout,1,https://www.bikewale.com/dealer-showrooms/ola/malout/
Punjab,Mansa,2,https://www.bikewale.com/dealer-showrooms/ola/mansa/
Punjab,Moga,4,https://www.bikewale.com/dealer-showrooms/ola/moga/
Punjab,Nawanshahr,1,https://www.bikewale.com/dealer-showrooms/ola/nawanshahr/
Punjab,Pathankot,1,https://www.bikewale.com/dealer-showrooms/ola/pathankot/
Punjab,Patiala,5,https://www.bikewale.com/dealer-showrooms/ola/patiala/
Punjab,Rupnagar,3,https://www.bikewale.com/dealer-showrooms/ola/rupnagar/
Punjab,Sangrur,5,https://www.bikewale.com/dealer-showrooms/ola/sangrur/
Punjab,Tarn Taran,3,https://www.bikewale.com/dealer-showrooms/ola/tarntaran/
Rajasthan,Ajmer,3,https://www.bikewale.com/dealer-showrooms/ola/ajmer/
Rajasthan,Alwar,6,https://www.bikewale.com/dealer-showrooms/ola/alwar/
Rajasthan,Balotra,3,https://www.bikewale.com/dealer-showrooms/ola/balotra/
Rajasthan,Banswara,4,https://www.bikewale.com/dealer-showrooms/ola/banswara/
Rajasthan,Baran,7,https://www.bikewale.com/dealer-showrooms/ola/baran/
Rajasthan,Barmer,2,https://www.bikewale.com/dealer-showrooms/ola/barmer/
Rajasthan,Beawar,2,https://www.bikewale.com/dealer-showrooms/ola/beawar/
Rajasthan,Bharatpur,4,https://www.bikewale.com/dealer-showrooms/ola/bharatpur/
Rajasthan,Bhilwara,7,https://www.bikewale.com/dealer-showrooms/ola/bhilwara/
Rajasthan,Bikaner,9,https://www.bikewale.com/dealer-showrooms/ola/bikaner/
Rajasthan,Bundi,3,https://www.bikewale.com/dealer-showrooms/ola/bundi/
Rajasthan,Chittorgarh,9,https://www.bikewale.com/dealer-showrooms/ola/chittorgarh/
Rajasthan,Churu,5,https://www.bikewale.com/dealer-showrooms/ola/churu/
Rajasthan,Dausa,3,https://www.bikewale.com/dealer-showrooms/ola/dausa/
Rajasthan,Dholpur,5,https://www.bikewale.com/dealer-showrooms/ola/dholpur/
Rajasthan,Didwana,5,https://www.bikewale.com/dealer-showrooms/ola/didwana/
Rajasthan,Dungarpur,4,https://www.bikewale.com/dealer-showrooms/ola/dungarpur/
Rajasthan,Ganganagar,4,https://www.bikewale.com/dealer-showrooms/ola/ganganagar/
Rajasthan,Gangapur,4,https://www.bikewale.com/dealer-showrooms/ola/gangapur/
Rajasthan,Hanumangarh,5,https://www.bikewale.com/dealer-showrooms/ola/hanumangarh/
Rajasthan,Jaipur,17,https://www.bikewale.com/dealer-showrooms/ola/jaipur/
Rajasthan,Jaisalmer,1,https://www.bikewale.com/dealer-showrooms/ola/jaisalmer/
Rajasthan,Jalore,5,https://www.bikewale.com/dealer-showrooms/ola/jalore/
Rajasthan,Jhalawar,6,https://www.bikewale.com/dealer-showrooms/ola/jhalawar/
Rajasthan,Jhunjhunu,3,https://www.bikewale.com/dealer-showrooms/ola/jhunjhunu/
Rajasthan,Jodhpur,10,https://www.bikewale.com/dealer-showrooms/ola/jodhpur/
Rajasthan,Karauli,3,https://www.bikewale.com/dealer-showrooms/ola/karauli/
Rajasthan,Kekri,4,https://www.bikewale.com/dealer-showrooms/ola/kekri/
Rajasthan,Kishangarh,1,https://www.bikewale.com/dealer-showrooms/ola/kishangarh/
Rajasthan,Kota,7,https://www.bikewale.com/dealer-showrooms/ola/kota/
Rajasthan,Kotputli,2,https://www.bikewale.com/dealer-showrooms/ola/kotputli/
Rajasthan,Nagaur,5,https://www.bikewale.com/dealer-showrooms/ola/nagaur/
Rajasthan,Pali,8,https://www.bikewale.com/dealer-showrooms/ola/pali/
Rajasthan,Pratapgarh (Rajasthan),4,https://www.bikewale.com/dealer-showrooms/ola/pratapgarh-rajasthan/
Rajasthan,Rajsamand,3,https://www.bikewale.com/dealer-showrooms/ola/rajsamand/
Rajasthan,Sanchore,2,https://www.bikewale.com/dealer-showrooms/ola/sanchore/
Rajasthan,Sawai Madhopur,4,https://www.bikewale.com/dealer-showrooms/ola/sawaimadhopur/
Rajasthan,Sikar,6,https://www.bikewale.com/dealer-showrooms/ola/sikar/
Rajasthan,Sirohi,1,https://www.bikewale.com/dealer-showrooms/ola/sirohi/
Rajasthan,Sriganganagar,1,https://www.bikewale.com/dealer-showrooms/ola/sriganganagar/
Rajasthan,Tonk,5,https://www.bikewale.com/dealer-showrooms/ola/tonk/
Rajasthan,Udaipur,9,https://www.bikewale.com/dealer-showrooms/ola/udaipur/
Tamil Nadu,Ariyalur,1,https://www.bikewale.com/dealer-showrooms/ola/ariyalur/
Tamil Nadu,Chengalpattu,3,https://www.bikewale.com/dealer-showrooms/ola/chengalpattu/
Tamil Nadu,Chennai,18,https://www.bikewale.com/dealer-showrooms/ola/chennai/
Tamil Nadu,Coimbatore,12,https://www.bikewale.com/dealer-showrooms/ola/coimbatore/
Tamil Nadu,Cuddalore,4,https://www.bikewale.com/dealer-showrooms/ola/cuddalore/
Tamil Nadu,Dharmapuri,4,https://www.bikewale.com/dealer-showrooms/ola/dharmapuri/
Tamil Nadu,Dindigul,2,https://www.bikewale.com/dealer-showrooms/ola/dindigul/
Tamil Nadu,Erode,4,https://www.bikewale.com/dealer-showrooms/ola/erode/
Tamil Nadu,Hosur,1,https://www.bikewale.com/dealer-showrooms/ola/hosur/
Tamil Nadu,Kallakurichi,2,https://www.bikewale.com/dealer-showrooms/ola/kallakurichi/
Tamil Nadu,Kancheepuram,1,https://www.bikewale.com/dealer-showrooms/ola/kancheepuram/
Tamil Nadu,Karur,1,https://www.bikewale.com/dealer-showrooms/ola/karur/
Tamil Nadu,Krishnagiri,5,https://www.bikewale.com/dealer-showrooms/ola/krishnagiri/
Tamil Nadu,Madurai,7,https://www.bikewale.com/dealer-showrooms/ola/madurai/
Tamil Nadu,Mayiladuthurai,1,https://www.bikewale.com/dealer-showrooms/ola/mayiladuthurai/
Tamil Nadu,Nagapattinam,1,https://www.bikewale.com/dealer-showrooms/ola/nagapattinam/
Tamil Nadu,Namakkal,4,https://www.bikewale.com/dealer-showrooms/ola/namakkal/
Tamil Nadu,Nilgiris,2,https://www.bikewale.com/dealer-showrooms/ola/nilgiris/
Tamil Nadu,Perambalur,2,https://www.bikewale.com/dealer-showrooms/ola/perambalur/
Tamil Nadu,Pudukkottai,8,https://www.bikewale.com/dealer-showrooms/ola/pudukkottai/
Tamil Nadu,Ramanathapuram,1,https://www.bikewale.com/dealer-showrooms/ola/ramanathapuram/
Tamil Nadu,Ranipet,3,https://www.bikewale.com/dealer-showrooms/ola/ranipet/
Tamil Nadu,Salem,10,https://www.bikewale.com/dealer-showrooms/ola/salem/
Tamil Nadu,Sivagangai,6,https://www.bikewale.com/dealer-showrooms/ola/sivagangai/
Tamil Nadu,Tenkasi,3,https://www.bikewale.com/dealer-showrooms/ola/tenkasi/
Tamil Nadu,Thanjavur,4,https://www.bikewale.com/dealer-showrooms/ola/thanjavur/
Tamil Nadu,Theni,5,https://www.bikewale.com/dealer-showrooms/ola/theni/
Tamil Nadu,Thiruvallur,4,https://www.bikewale.com/dealer-showrooms/ola/thiruvallur/
Tamil Nadu,Thiruvarur,3,https://www.bikewale.com/dealer-showrooms/ola/thiruvarur/
Tamil Nadu,Thoothukudi,3,https://www.bikewale.com/dealer-showrooms/ola/thoothukudi/
Tamil Nadu,Tiruchirappalli,6,https://www.bikewale.com/dealer-showrooms/ola/tiruchirappalli/
Tamil Nadu,Tirunelveli,2,https://www.bikewale.com/dealer-showrooms/ola/tirunelveli/
Tamil Nadu,Tirupathur,2,https://www.bikewale.com/dealer-showrooms/ola/tirupathur/
Tamil Nadu,Tiruppur,5,https://www.bikewale.com/dealer-showrooms/ola/tiruppur/
Tamil Nadu,Tiruvannamalai,6,https://www.bikewale.com/dealer-showrooms/ola/tiruvannamalai/
Tamil Nadu,Vellore,3,https://www.bikewale.com/dealer-showrooms/ola/vellore/
Tamil Nadu,Villupuram,3,https://www.bikewale.com/dealer-showrooms/ola/villupuram/
Tamil Nadu,Virudhunagar,5,https://www.bikewale.com/dealer-showrooms/ola/virudhunagar/
Telangana,Bhadrachalam,1,https://www.bikewale.com/dealer-showrooms/ola/bhadrachalam/
Telangana,Gadwal,1,https://www.bikewale.com/dealer-showrooms/ola/gadwal/
Telangana,Hyderabad,9,https://www.bikewale.com/dealer-showrooms/ola/hyderabad/
Telangana,Jadcherla,1,https://www.bikewale.com/dealer-showrooms/ola/jadcherla/
Telangana,Jagtial,2,https://www.bikewale.com/dealer-showrooms/ola/jagtial/
Telangana,Kalwakurthy,1,https://www.bikewale.com/dealer-showrooms/ola/kalwakurthy/
Telangana,Kamareddy,3,https://www.bikewale.com/dealer-showrooms/ola/kamareddy/
Telangana,Karimnagar,3,https://www.bikewale.com/dealer-showrooms/ola/karimnagar/
Telangana,Khammam,2,https://www.bikewale.com/dealer-showrooms/ola/khammam/
Telangana,Kumuram Bheem Asifabad,1,https://www.bikewale.com/dealer-showrooms/ola/kumuram-bheem-asifabad/
Telangana,Mahabubabad,2,https://www.bikewale.com/dealer-showrooms/ola/mahabubabad/
Telangana,Mancheral,1,https://www.bikewale.com/dealer-showrooms/ola/mancheral/
Telangana,Nalgonda,4,https://www.bikewale.com/dealer-showrooms/ola/nalgonda/
Telangana,Nirmal,1,https://www.bikewale.com/dealer-showrooms/ola/nirmal/
Telangana,Nizamabad,5,https://www.bikewale.com/dealer-showrooms/ola/nizamabad/
Telangana,Peddapalli,3,https://www.bikewale.com/dealer-showrooms/ola/peddapalli/
Telangana,Ranga Reddy,3,https://www.bikewale.com/dealer-showrooms/ola/rangareddy/
Telangana,Sangareddi,5,https://www.bikewale.com/dealer-showrooms/ola/sangareddi/
Telangana,Secunderabad,1,https://www.bikewale.com/dealer-showrooms/ola/secunderabad/
Telangana,Siddipet,3,https://www.bikewale.com/dealer-showrooms/ola/siddipet/
Telangana,Vikarabad,2,https://www.bikewale.com/dealer-showrooms/ola/vikarabad/
Telangana,Wanaparthy,1,https://www.bikewale.com/dealer-showrooms/ola/wanaparthy/
Telangana,Warangal,2,https://www.bikewale.com/dealer-showrooms/ola/warangal/
Telangana,Yadadri Bhuvanagiri,1,https://www.bikewale.com/dealer-showrooms/ola/yadadri-bhuvanagiri/
Telangana,Yellandu,1,https://www.bikewale.com/dealer-showrooms/ola/yellandu/
Tripura,Agartala,1,https://www.bikewale.com/dealer-showrooms/ola/agartala/
Tripura,Dhalai,1,https://www.bikewale.com/dealer-showrooms/ola/dhalai/
Tripura,Gomati,1,https://www.bikewale.com/dealer-showrooms/ola/gomati/
Tripura,Sepahijala,1,https://www.bikewale.com/dealer-showrooms/ola/sepahijala/
Tripura,West Tripura,1,https://www.bikewale.com/dealer-showrooms/ola/westtripura/
Uttar Pradesh,Agra,11,https://www.bikewale.com/dealer-showrooms/ola/agra/
Uttar Pradesh,Aligarh,4,https://www.bikewale.com/dealer-showrooms/ola/aligarh/
Uttar Pradesh,Allahabad,1,https://www.bikewale.com/dealer-showrooms/ola/allahabad/
Uttar Pradesh,Ambedkarnagar,3,https://www.bikewale.com/dealer-showrooms/ola/ambedkarnagar/
Uttar Pradesh,Amethi,4,https://www.bikewale.com/dealer-showrooms/ola/amethi/
Uttar Pradesh,Amroha,3,https://www.bikewale.com/dealer-showrooms/ola/amroha/
Uttar Pradesh,Auraiya,1,https://www.bikewale.com/dealer-showrooms/ola/auraiya/
Uttar Pradesh,Ayodhya,4,https://www.bikewale.com/dealer-showrooms/ola/ayodhya/
Uttar Pradesh,Azamgarh,2,https://www.bikewale.com/dealer-showrooms/ola/azamgarh/
Uttar Pradesh,Baghpat,4,https://www.bikewale.com/dealer-showrooms/ola/baghpat-uttarpradesh/
Uttar Pradesh,Bahraich,5,https://www.bikewale.com/dealer-showrooms/ola/bahraich/
Uttar Pradesh,Ballia,3,https://www.bikewale.com/dealer-showrooms/ola/ballia/
Uttar Pradesh,Balrampur,2,https://www.bikewale.com/dealer-showrooms/ola/balrampur/
Uttar Pradesh,Banda,3,https://www.bikewale.com/dealer-showrooms/ola/banda/
Uttar Pradesh,Barabanki,2,https://www.bikewale.com/dealer-showrooms/ola/barabanki/
Uttar Pradesh,Bareilly,5,https://www.bikewale.com/dealer-showrooms/ola/bareilly/
Uttar Pradesh,Basti,4,https://www.bikewale.com/dealer-showrooms/ola/basti/
Uttar Pradesh,Bhadohi,3,https://www.bikewale.com/dealer-showrooms/ola/bhadohi/
Uttar Pradesh,Bijnor,4,https://www.bikewale.com/dealer-showrooms/ola/bijnor/
Uttar Pradesh,Budaun,2,https://www.bikewale.com/dealer-showrooms/ola/budaun/
Uttar Pradesh,Bulandshahar,5,https://www.bikewale.com/dealer-showrooms/ola/bulandshahar/
Uttar Pradesh,Chandauli,4,https://www.bikewale.com/dealer-showrooms/ola/chandauli/
Uttar Pradesh,Chitrakoot,1,https://www.bikewale.com/dealer-showrooms/ola/chitrakoot/
Uttar Pradesh,Deoria,3,https://www.bikewale.com/dealer-showrooms/ola/deoria/
Uttar Pradesh,Etah,1,https://www.bikewale.com/dealer-showrooms/ola/etah/
Uttar Pradesh,Etawah,2,https://www.bikewale.com/dealer-showrooms/ola/etawah/
Uttar Pradesh,Farrukhabad,1,https://www.bikewale.com/dealer-showrooms/ola/farrukhabad/
Uttar Pradesh,Fatehpur,4,https://www.bikewale.com/dealer-showrooms/ola/fatehpur/
Uttar Pradesh,Firozabad,2,https://www.bikewale.com/dealer-showrooms/ola/firozabad/
Uttar Pradesh,Ghaziabad,3,https://www.bikewale.com/dealer-showrooms/ola/ghaziabad/
Uttar Pradesh,Ghazipur,6,https://www.bikewale.com/dealer-showrooms/ola/ghazipur/
Uttar Pradesh,Gonda,3,https://www.bikewale.com/dealer-showrooms/ola/gonda/
Uttar Pradesh,Gorakhpur,10,https://www.bikewale.com/dealer-showrooms/ola/gorakhpur/
Uttar Pradesh,Hamirpur (Uttar Pradesh),3,https://www.bikewale.com/dealer-showrooms/ola/hamirpur-uttarpradesh/
Uttar Pradesh,Hapur,1,https://www.bikewale.com/dealer-showrooms/ola/hapur/
Uttar Pradesh,Hardoi,3,https://www.bikewale.com/dealer-showrooms/ola/hardoi/
Uttar Pradesh,Hathras,3,https://www.bikewale.com/dealer-showrooms/ola/hathras/
Uttar Pradesh,Jalaun,4,https://www.bikewale.com/dealer-showrooms/ola/jalaun/
Uttar Pradesh,Jaunpur,4,https://www.bikewale.com/dealer-showrooms/ola/jaunpur/
Uttar Pradesh,Jhansi,5,https://www.bikewale.com/dealer-showrooms/ola/jhansi/
Uttar Pradesh,Kannauj,1,https://www.bikewale.com/dealer-showrooms/ola/kannauj/
Uttar Pradesh,Kanpur,4,https://www.bikewale.com/dealer-showrooms/ola/kanpur/
Uttar Pradesh,Kanpur Dehat,4,https://www.bikewale.com/dealer-showrooms/ola/kanpurdehat/
Uttar Pradesh,Kanpur Nagar,2,https://www.bikewale.com/dealer-showrooms/ola/kanpurnagar/
Uttar Pradesh,Kasganj,2,https://www.bikewale.com/dealer-showrooms/ola/kasganj/
Uttar Pradesh,Kaushambi,2,https://www.bikewale.com/dealer-showrooms/ola/kaushambi/
Uttar Pradesh,Kushinagar,3,https://www.bikewale.com/dealer-showrooms/ola/kushinagar/
Uttar Pradesh,Lakhimpur Kheri,5,https://www.bikewale.com/dealer-showrooms/ola/lakhimpur/
Uttar Pradesh,Lalitpur,2,https://www.bikewale.com/dealer-showrooms/ola/lalitpur/
Uttar Pradesh,Lucknow,13,https://www.bikewale.com/dealer-showrooms/ola/lucknow/
Uttar Pradesh,Maharajganj,3,https://www.bikewale.com/dealer-showrooms/ola/maharajganj/
Uttar Pradesh,Mahoba,2,https://www.bikewale.com/dealer-showrooms/ola/mahoba/
Uttar Pradesh,Mainpuri,2,https://www.bikewale.com/dealer-showrooms/ola/mainpuri/
Uttar Pradesh,Mathura,3,https://www.bikewale.com/dealer-showrooms/ola/mathura/
Uttar Pradesh,Mau,2,https://www.bikewale.com/dealer-showrooms/ola/mau/
Uttar Pradesh,Meerut,5,https://www.bikewale.com/dealer-showrooms/ola/meerut/
Uttar Pradesh,Mirzapur,2,https://www.bikewale.com/dealer-showrooms/ola/mirzapur/
Uttar Pradesh,Moradabad,2,https://www.bikewale.com/dealer-showrooms/ola/moradabad/
Uttar Pradesh,Muzaffarnagar,4,https://www.bikewale.com/dealer-showrooms/ola/muzaffarnagar/
Uttar Pradesh,Noida,3,https://www.bikewale.com/dealer-showrooms/ola/noida/
Uttar Pradesh,Padrauna,1,https://www.bikewale.com/dealer-showrooms/ola/padrauna/
Uttar Pradesh,Pilibhit,1,https://www.bikewale.com/dealer-showrooms/ola/pilibhit/
Uttar Pradesh,Pratapgarh (Uttar Pradesh),4,https://www.bikewale.com/dealer-showrooms/ola/pratapgarh-uttarpradesh/
Uttar Pradesh,Rampur (Uttar Pradesh),3,https://www.bikewale.com/dealer-showrooms/ola/rampur-uttarpradesh/
Uttar Pradesh,Robertsganj,1,https://www.bikewale.com/dealer-showrooms/ola/robertsganj/
Uttar Pradesh,Saharanpur,5,https://www.bikewale.com/dealer-showrooms/ola/saharanpur/
Uttar Pradesh,Sambhal,1,https://www.bikewale.com/dealer-showrooms/ola/sambhal/
Uttar Pradesh,Sant Kabir Nagar,3,https://www.bikewale.com/dealer-showrooms/ola/santkabirnagar/
Uttar Pradesh,Shahjahanpur,4,https://www.bikewale.com/dealer-showrooms/ola/shahjahanpur/
Uttar Pradesh,Shamli,2,https://www.bikewale.com/dealer-showrooms/ola/shamli/
Uttar Pradesh,Siddharthnagar,4,https://www.bikewale.com/dealer-showrooms/ola/siddharthnagar/
Uttar Pradesh,Sitapur,7,https://www.bikewale.com/dealer-showrooms/ola/sitapur/
Uttar Pradesh,Sonbhadra,2,https://www.bikewale.com/dealer-showrooms/ola/sonbhadra/
Uttar Pradesh,Sultanpur,3,https://www.bikewale.com/dealer-showrooms/ola/sultanpur/
Uttar Pradesh,Varanasi,7,https://www.bikewale.com/dealer-showrooms/ola/varanasi/
Uttarakhand,Bageshwar,1,https://www.bikewale.com/dealer-showrooms/ola/bageshwar/
Uttarakhand,Bazpur,1,https://www.bikewale.com/dealer-showrooms/ola/bazpur/
Uttarakhand,Dehradun,5,https://www.bikewale.com/dealer-showrooms/ola/dehradun/
Uttarakhand,Haridwar,2,https://www.bikewale.com/dealer-showrooms/ola/haridwar/
Uttarakhand,Khatima,1,https://www.bikewale.com/dealer-showrooms/ola/khatima/
Uttarakhand,Nainital,3,https://www.bikewale.com/dealer-showrooms/ola/nainital-uttaranchal/
Uttarakhand,Pauri Garhwal,1,https://www.bikewale.com/dealer-showrooms/ola/paurigarhwal/
Uttarakhand,Rishikesh,1,https://www.bikewale.com/dealer-showrooms/ola/rishikesh/
West Bengal,Alipurduar,5,https://www.bikewale.com/dealer-showrooms/ola/alipurduar/
West Bengal,Arambagh,1,https://www.bikewale.com/dealer-showrooms/ola/arambagh/
West Bengal,Bankura,15,https://www.bikewale.com/dealer-showrooms/ola/bankura/
West Bengal,Beldanga,1,https://www.bikewale.com/dealer-showrooms/ola/beldanga/
West Bengal,Birbhum,12,https://www.bikewale.com/dealer-showrooms/ola/birbhum/
West Bengal,Bongaon,1,https://www.bikewale.com/dealer-showrooms/ola/bongaon/
West Bengal,Chinsurah,1,https://www.bikewale.com/dealer-showrooms/ola/chinsurah/
West Bengal,Cooch Behar,7,https://www.bikewale.com/dealer-showrooms/ola/coochbehar/
West Bengal,Dakshin Dinajpur,3,https://www.bikewale.com/dealer-showrooms/ola/dakshin-dinajpur/
West Bengal,Darjeeling,3,https://www.bikewale.com/dealer-showrooms/ola/darjiling/
West Bengal,Durgapur,2,https://www.bikewale.com/dealer-showrooms/ola/durgapur/
West Bengal,Hooghly,6,https://www.bikewale.com/dealer-showrooms/ola/hooghly/
West Bengal,Howrah,7,https://www.bikewale.com/dealer-showrooms/ola/howrah/
West Bengal,Jalpaiguri,5,https://www.bikewale.com/dealer-showrooms/ola/jalpaiguri/
West Bengal,Jhargram,3,https://www.bikewale.com/dealer-showrooms/ola/jhargram/
West Bengal,Kolkata,5,https://www.bikewale.com/dealer-showrooms/ola/kolkata/
West Bengal,Malda,8,https://www.bikewale.com/dealer-showrooms/ola/malda/
West Bengal,Murshidabad,19,https://www.bikewale.com/dealer-showrooms/ola/murshidabad/
West Bengal,Nadia,9,https://www.bikewale.com/dealer-showrooms/ola/nadia/
West Bengal,North 24 Parganas,8,https://www.bikewale.com/dealer-showrooms/ola/north24parganas/
West Bengal,Paschim Bardhaman,16,https://www.bikewale.com/dealer-showrooms/ola/paschim-bardhaman/
West Bengal,Paschim Medinipur,10,https://www.bikewale.com/dealer-showrooms/ola/paschim-medinipur/
West Bengal,Purba Medinipur,11,https://www.bikewale.com/dealer-showrooms/ola/purba-medinipur/
West Bengal,Purulia,9,https://www.bikewale.com/dealer-showrooms/ola/purulia/
West Bengal,Ranaghat,1,https://www.bikewale.com/dealer-showrooms/ola/ranaghat/
West Bengal,Siliguri,1,https://www.bikewale.com/dealer-showrooms/ola/siliguri/
West Bengal,Singur,1,https://www.bikewale.com/dealer-showrooms/ola/singur/
West Bengal,South 24 Paraganas,11,https://www.bikewale.com/dealer-showrooms/ola/south24paraganas/
West Bengal,Tarakeswar,1,https://www.bikewale.com/dealer-showrooms/ola/tarakeswar/
West Bengal,Uttar Dinajpur,7,https://www.bikewale.com/dealer-showrooms/ola/uttardinajpur/
